paysLabel,tauxDeReussite,année
Afghanistan,0.478,2015-01-01T00:00:00Z
Afghanistan,0.481,2016-01-01T00:00:00Z
Afghanistan,0.482,2017-01-01T00:00:00Z
Afghanistan,0.483,2018-01-01T00:00:00Z
Afghanistan,0.488,2019-01-01T00:00:00Z
Afghanistan,0.483,2020-01-01T00:00:00Z
Afrique du Sud,0.716,2015-01-01T00:00:00Z
Afrique du Sud,0.719,2016-01-01T00:00:00Z
Afrique du Sud,0.72,2017-01-01T00:00:00Z
Afrique du Sud,0.726,2018-01-01T00:00:00Z
Afrique du Sud,0.736,2019-01-01T00:00:00Z
Afrique du Sud,0.727,2020-01-01T00:00:00Z
Albanie,0.795,2015-01-01T00:00:00Z
Albanie,0.798,2016-01-01T00:00:00Z
Albanie,0.802,2017-01-01T00:00:00Z
Albanie,0.806,2018-01-01T00:00:00Z
Albanie,0.81,2019-01-01T00:00:00Z
Albanie,0.794,2020-01-01T00:00:00Z
Algérie,0.74,2015-01-01T00:00:00Z
Algérie,0.743,2016-01-01T00:00:00Z
Algérie,0.744,2017-01-01T00:00:00Z
Algérie,0.745,2018-01-01T00:00:00Z
Algérie,0.748,2019-01-01T00:00:00Z
Algérie,0.736,2020-01-01T00:00:00Z
Allemagne,0.938,2015-01-01T00:00:00Z
Allemagne,0.941,2016-01-01T00:00:00Z
Allemagne,0.944,2017-01-01T00:00:00Z
Allemagne,0.945,2018-01-01T00:00:00Z
Allemagne,0.948,2019-01-01T00:00:00Z
Allemagne,0.944,2020-01-01T00:00:00Z
Andorre,0.867,2015-01-01T00:00:00Z
Andorre,0.871,2016-01-01T00:00:00Z
Andorre,0.868,2017-01-01T00:00:00Z
Andorre,0.872,2018-01-01T00:00:00Z
Andorre,0.873,2019-01-01T00:00:00Z
Andorre,0.848,2020-01-01T00:00:00Z
Angola,0.582,2015-01-01T00:00:00Z
Angola,0.596,2016-01-01T00:00:00Z
Angola,0.597,2017-01-01T00:00:00Z
Angola,0.595,2018-01-01T00:00:00Z
Angola,0.595,2019-01-01T00:00:00Z
Angola,0.59,2020-01-01T00:00:00Z
Antigua-et-Barbuda,0.791,2015-01-01T00:00:00Z
Antigua-et-Barbuda,0.794,2016-01-01T00:00:00Z
Antigua-et-Barbuda,0.795,2017-01-01T00:00:00Z
Antigua-et-Barbuda,0.798,2018-01-01T00:00:00Z
Antigua-et-Barbuda,0.8,2019-01-01T00:00:00Z
Antigua-et-Barbuda,0.788,2020-01-01T00:00:00Z
Arabie saoudite,0.859,2015-01-01T00:00:00Z
Arabie saoudite,0.864,2016-01-01T00:00:00Z
Arabie saoudite,0.86,2017-01-01T00:00:00Z
Arabie saoudite,0.865,2018-01-01T00:00:00Z
Arabie saoudite,0.873,2019-01-01T00:00:00Z
Arabie saoudite,0.87,2020-01-01T00:00:00Z
Argentine,0.848,2015-01-01T00:00:00Z
Argentine,0.847,2016-01-01T00:00:00Z
Argentine,0.851,2017-01-01T00:00:00Z
Argentine,0.85,2018-01-01T00:00:00Z
Argentine,0.852,2019-01-01T00:00:00Z
Argentine,0.84,2020-01-01T00:00:00Z
Arménie,0.766,2015-01-01T00:00:00Z
Arménie,0.765,2016-01-01T00:00:00Z
Arménie,0.768,2017-01-01T00:00:00Z
Arménie,0.771,2018-01-01T00:00:00Z
Arménie,0.778,2019-01-01T00:00:00Z
Arménie,0.757,2020-01-01T00:00:00Z
Australie,0.933,2015-01-01T00:00:00Z
Australie,0.935,2016-01-01T00:00:00Z
Australie,0.937,2017-01-01T00:00:00Z
Australie,0.941,2018-01-01T00:00:00Z
Australie,0.941,2019-01-01T00:00:00Z
Australie,0.947,2020-01-01T00:00:00Z
Azerbaïdjan,0.748,2015-01-01T00:00:00Z
Azerbaïdjan,0.75,2016-01-01T00:00:00Z
Azerbaïdjan,0.753,2017-01-01T00:00:00Z
Azerbaïdjan,0.757,2018-01-01T00:00:00Z
Azerbaïdjan,0.761,2019-01-01T00:00:00Z
Azerbaïdjan,0.73,2020-01-01T00:00:00Z
Bahamas,0.82,2015-01-01T00:00:00Z
Bahamas,0.823,2016-01-01T00:00:00Z
Bahamas,0.825,2017-01-01T00:00:00Z
Bahamas,0.827,2018-01-01T00:00:00Z
Bahamas,0.816,2019-01-01T00:00:00Z
Bahamas,0.815,2020-01-01T00:00:00Z
Bahreïn,0.858,2015-01-01T00:00:00Z
Bahreïn,0.865,2016-01-01T00:00:00Z
Bahreïn,0.869,2017-01-01T00:00:00Z
Bahreïn,0.879,2018-01-01T00:00:00Z
Bahreïn,0.882,2019-01-01T00:00:00Z
Bahreïn,0.877,2020-01-01T00:00:00Z
Bangladesh,0.602,2015-01-01T00:00:00Z
Bangladesh,0.612,2016-01-01T00:00:00Z
Bangladesh,0.622,2017-01-01T00:00:00Z
Bangladesh,0.635,2018-01-01T00:00:00Z
Bangladesh,0.644,2019-01-01T00:00:00Z
Bangladesh,0.655,2020-01-01T00:00:00Z
Belgique,0.924,2015-01-01T00:00:00Z
Belgique,0.927,2016-01-01T00:00:00Z
Belgique,0.931,2017-01-01T00:00:00Z
Belgique,0.933,2018-01-01T00:00:00Z
Belgique,0.936,2019-01-01T00:00:00Z
Belgique,0.928,2020-01-01T00:00:00Z
Bhoutan,0.627,2015-01-01T00:00:00Z
Bhoutan,0.638,2016-01-01T00:00:00Z
Bhoutan,0.647,2017-01-01T00:00:00Z
Bhoutan,0.658,2018-01-01T00:00:00Z
Bhoutan,0.671,2019-01-01T00:00:00Z
Bhoutan,0.668,2020-01-01T00:00:00Z
Birmanie,0.562,2015-01-01T00:00:00Z
Birmanie,0.572,2016-01-01T00:00:00Z
Birmanie,0.58,2017-01-01T00:00:00Z
Birmanie,0.59,2018-01-01T00:00:00Z
Birmanie,0.598,2019-01-01T00:00:00Z
Birmanie,0.6,2020-01-01T00:00:00Z
Biélorussie,0.812,2015-01-01T00:00:00Z
Biélorussie,0.813,2016-01-01T00:00:00Z
Biélorussie,0.817,2017-01-01T00:00:00Z
Biélorussie,0.818,2018-01-01T00:00:00Z
Biélorussie,0.817,2019-01-01T00:00:00Z
Biélorussie,0.807,2020-01-01T00:00:00Z
Bolivie,0.69,2015-01-01T00:00:00Z
Bolivie,0.701,2016-01-01T00:00:00Z
Bolivie,0.708,2017-01-01T00:00:00Z
Bolivie,0.714,2018-01-01T00:00:00Z
Bolivie,0.717,2019-01-01T00:00:00Z
Bolivie,0.694,2020-01-01T00:00:00Z
Bosnie-Herzégovine,0.761,2015-01-01T00:00:00Z
Bosnie-Herzégovine,0.77,2016-01-01T00:00:00Z
Bosnie-Herzégovine,0.772,2017-01-01T00:00:00Z
Bosnie-Herzégovine,0.776,2018-01-01T00:00:00Z
Bosnie-Herzégovine,0.783,2019-01-01T00:00:00Z
Bosnie-Herzégovine,0.781,2020-01-01T00:00:00Z
Botswana,0.702,2015-01-01T00:00:00Z
Botswana,0.713,2016-01-01T00:00:00Z
Botswana,0.722,2017-01-01T00:00:00Z
Botswana,0.716,2018-01-01T00:00:00Z
Botswana,0.717,2019-01-01T00:00:00Z
Botswana,0.713,2020-01-01T00:00:00Z
Brunei,0.836,2015-01-01T00:00:00Z
Brunei,0.835,2016-01-01T00:00:00Z
Brunei,0.834,2017-01-01T00:00:00Z
Brunei,0.83,2018-01-01T00:00:00Z
Brunei,0.83,2019-01-01T00:00:00Z
Brunei,0.83,2020-01-01T00:00:00Z
Brésil,0.753,2015-01-01T00:00:00Z
Brésil,0.755,2016-01-01T00:00:00Z
Brésil,0.759,2017-01-01T00:00:00Z
Brésil,0.764,2018-01-01T00:00:00Z
Brésil,0.766,2019-01-01T00:00:00Z
Brésil,0.758,2020-01-01T00:00:00Z
Bulgarie,0.809,2015-01-01T00:00:00Z
Bulgarie,0.809,2016-01-01T00:00:00Z
Bulgarie,0.808,2017-01-01T00:00:00Z
Bulgarie,0.809,2018-01-01T00:00:00Z
Bulgarie,0.81,2019-01-01T00:00:00Z
Bulgarie,0.802,2020-01-01T00:00:00Z
Burkina Faso,0.418,2015-01-01T00:00:00Z
Burkina Faso,0.427,2016-01-01T00:00:00Z
Burkina Faso,0.438,2017-01-01T00:00:00Z
Burkina Faso,0.449,2018-01-01T00:00:00Z
Burkina Faso,0.452,2019-01-01T00:00:00Z
Burkina Faso,0.449,2020-01-01T00:00:00Z
Burundi,0.428,2015-01-01T00:00:00Z
Burundi,0.43,2016-01-01T00:00:00Z
Burundi,0.428,2017-01-01T00:00:00Z
Burundi,0.428,2018-01-01T00:00:00Z
Burundi,0.431,2019-01-01T00:00:00Z
Burundi,0.426,2020-01-01T00:00:00Z
Bénin,0.529,2015-01-01T00:00:00Z
Bénin,0.53,2016-01-01T00:00:00Z
Bénin,0.53,2017-01-01T00:00:00Z
Bénin,0.53,2018-01-01T00:00:00Z
Bénin,0.53,2019-01-01T00:00:00Z
Bénin,0.524,2020-01-01T00:00:00Z
Cambodge,0.574,2015-01-01T00:00:00Z
Cambodge,0.581,2016-01-01T00:00:00Z
Cambodge,0.586,2017-01-01T00:00:00Z
Cambodge,0.591,2018-01-01T00:00:00Z
Cambodge,0.598,2019-01-01T00:00:00Z
Cambodge,0.596,2020-01-01T00:00:00Z
Cameroun,0.56,2015-01-01T00:00:00Z
Cameroun,0.564,2016-01-01T00:00:00Z
Cameroun,0.571,2017-01-01T00:00:00Z
Cameroun,0.577,2018-01-01T00:00:00Z
Cameroun,0.583,2019-01-01T00:00:00Z
Cameroun,0.578,2020-01-01T00:00:00Z
Canada,0.926,2015-01-01T00:00:00Z
Canada,0.928,2016-01-01T00:00:00Z
Canada,0.931,2017-01-01T00:00:00Z
Canada,0.933,2018-01-01T00:00:00Z
Canada,0.937,2019-01-01T00:00:00Z
Canada,0.931,2020-01-01T00:00:00Z
Cap-Vert,0.663,2015-01-01T00:00:00Z
Cap-Vert,0.67,2016-01-01T00:00:00Z
Cap-Vert,0.675,2017-01-01T00:00:00Z
Cap-Vert,0.673,2018-01-01T00:00:00Z
Cap-Vert,0.676,2019-01-01T00:00:00Z
Cap-Vert,0.662,2020-01-01T00:00:00Z
Chili,0.846,2015-01-01T00:00:00Z
Chili,0.85,2016-01-01T00:00:00Z
Chili,0.853,2017-01-01T00:00:00Z
Chili,0.856,2018-01-01T00:00:00Z
Chili,0.861,2019-01-01T00:00:00Z
Chili,0.852,2020-01-01T00:00:00Z
Chypre,0.871,2015-01-01T00:00:00Z
Chypre,0.877,2016-01-01T00:00:00Z
Chypre,0.887,2017-01-01T00:00:00Z
Chypre,0.892,2018-01-01T00:00:00Z
Chypre,0.897,2019-01-01T00:00:00Z
Chypre,0.894,2020-01-01T00:00:00Z
Colombie,0.754,2015-01-01T00:00:00Z
Colombie,0.759,2016-01-01T00:00:00Z
Colombie,0.761,2017-01-01T00:00:00Z
Colombie,0.763,2018-01-01T00:00:00Z
Colombie,0.768,2019-01-01T00:00:00Z
Colombie,0.756,2020-01-01T00:00:00Z
Comores,0.544,2015-01-01T00:00:00Z
Comores,0.548,2016-01-01T00:00:00Z
Comores,0.553,2017-01-01T00:00:00Z
Comores,0.557,2018-01-01T00:00:00Z
Comores,0.56,2019-01-01T00:00:00Z
Comores,0.562,2020-01-01T00:00:00Z
Corée du Sud,0.909,2015-01-01T00:00:00Z
Corée du Sud,0.912,2016-01-01T00:00:00Z
Corée du Sud,0.916,2017-01-01T00:00:00Z
Corée du Sud,0.919,2018-01-01T00:00:00Z
Corée du Sud,0.923,2019-01-01T00:00:00Z
Corée du Sud,0.922,2020-01-01T00:00:00Z
Costa Rica,0.798,2015-01-01T00:00:00Z
Costa Rica,0.803,2016-01-01T00:00:00Z
Costa Rica,0.807,2017-01-01T00:00:00Z
Costa Rica,0.811,2018-01-01T00:00:00Z
Costa Rica,0.819,2019-01-01T00:00:00Z
Costa Rica,0.816,2020-01-01T00:00:00Z
Croatie,0.843,2015-01-01T00:00:00Z
Croatie,0.848,2016-01-01T00:00:00Z
Croatie,0.852,2017-01-01T00:00:00Z
Croatie,0.856,2018-01-01T00:00:00Z
Croatie,0.861,2019-01-01T00:00:00Z
Croatie,0.855,2020-01-01T00:00:00Z
Cuba,0.773,2015-01-01T00:00:00Z
Cuba,0.774,2016-01-01T00:00:00Z
Cuba,0.779,2017-01-01T00:00:00Z
Cuba,0.783,2018-01-01T00:00:00Z
Cuba,0.788,2019-01-01T00:00:00Z
Cuba,0.781,2020-01-01T00:00:00Z
Côte d'Ivoire,0.513,2015-01-01T00:00:00Z
Côte d'Ivoire,0.524,2016-01-01T00:00:00Z
Côte d'Ivoire,0.534,2017-01-01T00:00:00Z
Côte d'Ivoire,0.542,2018-01-01T00:00:00Z
Côte d'Ivoire,0.55,2019-01-01T00:00:00Z
Côte d'Ivoire,0.551,2020-01-01T00:00:00Z
Danemark,0.926,2015-01-01T00:00:00Z
Danemark,0.928,2016-01-01T00:00:00Z
Danemark,0.929,2017-01-01T00:00:00Z
Djibouti,0.493,2015-01-01T00:00:00Z
Djibouti,0.496,2016-01-01T00:00:00Z
Djibouti,0.499,2017-01-01T00:00:00Z
Djibouti,0.506,2018-01-01T00:00:00Z
Djibouti,0.512,2019-01-01T00:00:00Z
Djibouti,0.51,2020-01-01T00:00:00Z
Dominique,0.7,2015-01-01T00:00:00Z
Dominique,0.709,2016-01-01T00:00:00Z
Dominique,0.692,2017-01-01T00:00:00Z
Dominique,0.726,2018-01-01T00:00:00Z
Dominique,0.729,2019-01-01T00:00:00Z
Dominique,0.722,2020-01-01T00:00:00Z
Espagne,0.889,2015-01-01T00:00:00Z
Espagne,0.895,2016-01-01T00:00:00Z
Espagne,0.897,2017-01-01T00:00:00Z
Espagne,0.901,2018-01-01T00:00:00Z
Espagne,0.908,2019-01-01T00:00:00Z
Espagne,0.899,2020-01-01T00:00:00Z
Estonie,0.882,2015-01-01T00:00:00Z
Estonie,0.885,2016-01-01T00:00:00Z
Estonie,0.887,2017-01-01T00:00:00Z
Estonie,0.891,2018-01-01T00:00:00Z
Estonie,0.896,2019-01-01T00:00:00Z
Estonie,0.892,2020-01-01T00:00:00Z
Fidji,0.729,2015-01-01T00:00:00Z
Fidji,0.735,2016-01-01T00:00:00Z
Fidji,0.741,2017-01-01T00:00:00Z
Fidji,0.745,2018-01-01T00:00:00Z
Fidji,0.746,2019-01-01T00:00:00Z
Fidji,0.737,2020-01-01T00:00:00Z
Finlande,0.93,2015-01-01T00:00:00Z
Finlande,0.931,2016-01-01T00:00:00Z
Finlande,0.934,2017-01-01T00:00:00Z
Finlande,0.936,2018-01-01T00:00:00Z
Finlande,0.939,2019-01-01T00:00:00Z
Finlande,0.938,2020-01-01T00:00:00Z
France,0.892,2015-01-01T00:00:00Z
France,0.895,2016-01-01T00:00:00Z
France,0.898,2017-01-01T00:00:00Z
France,0.901,2018-01-01T00:00:00Z
France,0.905,2019-01-01T00:00:00Z
France,0.898,2020-01-01T00:00:00Z
Gabon,0.699,2015-01-01T00:00:00Z
Gabon,0.702,2016-01-01T00:00:00Z
Gabon,0.706,2017-01-01T00:00:00Z
Gabon,0.706,2018-01-01T00:00:00Z
Gabon,0.709,2019-01-01T00:00:00Z
Gabon,0.71,2020-01-01T00:00:00Z
Gambie,0.478,2015-01-01T00:00:00Z
Gambie,0.484,2016-01-01T00:00:00Z
Gambie,0.489,2017-01-01T00:00:00Z
Gambie,0.495,2018-01-01T00:00:00Z
Gambie,0.503,2019-01-01T00:00:00Z
Gambie,0.501,2020-01-01T00:00:00Z
Ghana,0.607,2015-01-01T00:00:00Z
Ghana,0.611,2016-01-01T00:00:00Z
Ghana,0.616,2017-01-01T00:00:00Z
Ghana,0.62,2018-01-01T00:00:00Z
Ghana,0.631,2019-01-01T00:00:00Z
Ghana,0.632,2020-01-01T00:00:00Z
Grenade,0.79,2015-01-01T00:00:00Z
Grenade,0.791,2016-01-01T00:00:00Z
Grenade,0.794,2017-01-01T00:00:00Z
Grenade,0.797,2018-01-01T00:00:00Z
Grenade,0.8,2019-01-01T00:00:00Z
Grenade,0.792,2020-01-01T00:00:00Z
Grèce,0.88,2015-01-01T00:00:00Z
Grèce,0.877,2016-01-01T00:00:00Z
Grèce,0.88,2017-01-01T00:00:00Z
Grèce,0.886,2018-01-01T00:00:00Z
Grèce,0.889,2019-01-01T00:00:00Z
Grèce,0.886,2020-01-01T00:00:00Z
Guatemala,0.639,2015-01-01T00:00:00Z
Guatemala,0.639,2016-01-01T00:00:00Z
Guatemala,0.64,2017-01-01T00:00:00Z
Guatemala,0.64,2018-01-01T00:00:00Z
Guatemala,0.642,2019-01-01T00:00:00Z
Guatemala,0.635,2020-01-01T00:00:00Z
Guinée,0.44,2015-01-01T00:00:00Z
Guinée,0.45,2016-01-01T00:00:00Z
Guinée,0.458,2017-01-01T00:00:00Z
Guinée,0.462,2018-01-01T00:00:00Z
Guinée,0.467,2019-01-01T00:00:00Z
Guinée,0.466,2020-01-01T00:00:00Z
Guinée-Bissau,0.472,2015-01-01T00:00:00Z
Guinée-Bissau,0.478,2016-01-01T00:00:00Z
Guinée-Bissau,0.481,2017-01-01T00:00:00Z
Guinée-Bissau,0.482,2018-01-01T00:00:00Z
Guinée-Bissau,0.49,2019-01-01T00:00:00Z
Guinée-Bissau,0.483,2020-01-01T00:00:00Z
Guyana,0.684,2015-01-01T00:00:00Z
Guyana,0.691,2016-01-01T00:00:00Z
Guyana,0.695,2017-01-01T00:00:00Z
Guyana,0.701,2018-01-01T00:00:00Z
Guyana,0.708,2019-01-01T00:00:00Z
Guyana,0.721,2020-01-01T00:00:00Z
Honduras,0.613,2015-01-01T00:00:00Z
Honduras,0.618,2016-01-01T00:00:00Z
Honduras,0.617,2017-01-01T00:00:00Z
Honduras,0.617,2018-01-01T00:00:00Z
Honduras,0.632,2019-01-01T00:00:00Z
Honduras,0.621,2020-01-01T00:00:00Z
Hongrie,0.838,2015-01-01T00:00:00Z
Hongrie,0.843,2016-01-01T00:00:00Z
Hongrie,0.845,2017-01-01T00:00:00Z
Hongrie,0.849,2018-01-01T00:00:00Z
Hongrie,0.853,2019-01-01T00:00:00Z
Hongrie,0.849,2020-01-01T00:00:00Z
Inde,0.629,2015-01-01T00:00:00Z
Inde,0.639,2016-01-01T00:00:00Z
Inde,0.644,2017-01-01T00:00:00Z
Inde,0.645,2018-01-01T00:00:00Z
Inde,0.645,2019-01-01T00:00:00Z
Inde,0.642,2020-01-01T00:00:00Z
Indonésie,0.695,2015-01-01T00:00:00Z
Indonésie,0.699,2016-01-01T00:00:00Z
Indonésie,0.704,2017-01-01T00:00:00Z
Indonésie,0.71,2018-01-01T00:00:00Z
Indonésie,0.716,2019-01-01T00:00:00Z
Indonésie,0.709,2020-01-01T00:00:00Z
Irak,0.675,2015-01-01T00:00:00Z
Irak,0.679,2016-01-01T00:00:00Z
Irak,0.685,2017-01-01T00:00:00Z
Irak,0.692,2018-01-01T00:00:00Z
Irak,0.696,2019-01-01T00:00:00Z
Irak,0.679,2020-01-01T00:00:00Z
Iran,0.776,2015-01-01T00:00:00Z
Iran,0.786,2016-01-01T00:00:00Z
Iran,0.789,2017-01-01T00:00:00Z
Iran,0.787,2018-01-01T00:00:00Z
Iran,0.783,2019-01-01T00:00:00Z
Iran,0.777,2020-01-01T00:00:00Z
Irlande,0.925,2015-01-01T00:00:00Z
Irlande,0.929,2016-01-01T00:00:00Z
Irlande,0.934,2017-01-01T00:00:00Z
Irlande,0.937,2018-01-01T00:00:00Z
Irlande,0.942,2019-01-01T00:00:00Z
Irlande,0.943,2020-01-01T00:00:00Z
Islande,0.945,2015-01-01T00:00:00Z
Islande,0.948,2016-01-01T00:00:00Z
Islande,0.954,2017-01-01T00:00:00Z
Islande,0.959,2018-01-01T00:00:00Z
Islande,0.96,2019-01-01T00:00:00Z
Islande,0.957,2020-01-01T00:00:00Z
Israël,0.909,2015-01-01T00:00:00Z
Israël,0.913,2016-01-01T00:00:00Z
Israël,0.917,2017-01-01T00:00:00Z
Israël,0.919,2018-01-01T00:00:00Z
Israël,0.921,2019-01-01T00:00:00Z
Israël,0.917,2020-01-01T00:00:00Z
Italie,0.882,2015-01-01T00:00:00Z
Italie,0.887,2016-01-01T00:00:00Z
Italie,0.888,2017-01-01T00:00:00Z
Italie,0.893,2018-01-01T00:00:00Z
Italie,0.897,2019-01-01T00:00:00Z
Italie,0.889,2020-01-01T00:00:00Z
Jamaïque,0.713,2015-01-01T00:00:00Z
Jamaïque,0.712,2016-01-01T00:00:00Z
Jamaïque,0.715,2017-01-01T00:00:00Z
Jamaïque,0.716,2018-01-01T00:00:00Z
Jamaïque,0.719,2019-01-01T00:00:00Z
Jamaïque,0.713,2020-01-01T00:00:00Z
Japon,0.918,2015-01-01T00:00:00Z
Japon,0.921,2016-01-01T00:00:00Z
Japon,0.922,2017-01-01T00:00:00Z
Japon,0.923,2018-01-01T00:00:00Z
Japon,0.924,2019-01-01T00:00:00Z
Japon,0.923,2020-01-01T00:00:00Z
Jordanie,0.718,2015-01-01T00:00:00Z
Jordanie,0.718,2016-01-01T00:00:00Z
Jordanie,0.718,2017-01-01T00:00:00Z
Jordanie,0.723,2018-01-01T00:00:00Z
Jordanie,0.727,2019-01-01T00:00:00Z
Jordanie,0.723,2020-01-01T00:00:00Z
Kazakhstan,0.805,2015-01-01T00:00:00Z
Kazakhstan,0.805,2016-01-01T00:00:00Z
Kazakhstan,0.811,2017-01-01T00:00:00Z
Kazakhstan,0.814,2018-01-01T00:00:00Z
Kazakhstan,0.819,2019-01-01T00:00:00Z
Kazakhstan,0.814,2020-01-01T00:00:00Z
Kenya,0.561,2015-01-01T00:00:00Z
Kenya,0.569,2016-01-01T00:00:00Z
Kenya,0.572,2017-01-01T00:00:00Z
Kenya,0.577,2018-01-01T00:00:00Z
Kenya,0.581,2019-01-01T00:00:00Z
Kenya,0.578,2020-01-01T00:00:00Z
Kirghizistan,0.69,2015-01-01T00:00:00Z
Kirghizistan,0.693,2016-01-01T00:00:00Z
Kirghizistan,0.696,2017-01-01T00:00:00Z
Kirghizistan,0.698,2018-01-01T00:00:00Z
Kirghizistan,0.698,2019-01-01T00:00:00Z
Kirghizistan,0.689,2020-01-01T00:00:00Z
Laos,0.599,2015-01-01T00:00:00Z
Laos,0.604,2016-01-01T00:00:00Z
Laos,0.607,2017-01-01T00:00:00Z
Laos,0.607,2018-01-01T00:00:00Z
Laos,0.61,2019-01-01T00:00:00Z
Laos,0.608,2020-01-01T00:00:00Z
Lesotho,0.503,2015-01-01T00:00:00Z
Lesotho,0.514,2016-01-01T00:00:00Z
Lesotho,0.518,2017-01-01T00:00:00Z
Lesotho,0.522,2018-01-01T00:00:00Z
Lesotho,0.524,2019-01-01T00:00:00Z
Lesotho,0.521,2020-01-01T00:00:00Z
Lettonie,0.85,2015-01-01T00:00:00Z
Lettonie,0.855,2016-01-01T00:00:00Z
Lettonie,0.86,2017-01-01T00:00:00Z
Lettonie,0.866,2018-01-01T00:00:00Z
Lettonie,0.871,2019-01-01T00:00:00Z
Lettonie,0.871,2020-01-01T00:00:00Z
Liban,0.746,2015-01-01T00:00:00Z
Liban,0.743,2016-01-01T00:00:00Z
Liban,0.75,2017-01-01T00:00:00Z
Liban,0.75,2018-01-01T00:00:00Z
Liban,0.745,2019-01-01T00:00:00Z
Liban,0.726,2020-01-01T00:00:00Z
Liberia,0.473,2015-01-01T00:00:00Z
Liberia,0.478,2016-01-01T00:00:00Z
Liberia,0.481,2017-01-01T00:00:00Z
Liberia,0.483,2018-01-01T00:00:00Z
Liberia,0.484,2019-01-01T00:00:00Z
Liberia,0.48,2020-01-01T00:00:00Z
Libye,0.699,2015-01-01T00:00:00Z
Libye,0.696,2016-01-01T00:00:00Z
Libye,0.714,2017-01-01T00:00:00Z
Libye,0.722,2018-01-01T00:00:00Z
Libye,0.722,2019-01-01T00:00:00Z
Libye,0.703,2020-01-01T00:00:00Z
Liechtenstein,0.924,2015-01-01T00:00:00Z
Liechtenstein,0.923,2016-01-01T00:00:00Z
Liechtenstein,0.933,2017-01-01T00:00:00Z
Liechtenstein,0.928,2018-01-01T00:00:00Z
Liechtenstein,0.94,2019-01-01T00:00:00Z
Liechtenstein,0.933,2020-01-01T00:00:00Z
Lituanie,0.862,2015-01-01T00:00:00Z
Lituanie,0.868,2016-01-01T00:00:00Z
Lituanie,0.876,2017-01-01T00:00:00Z
Lituanie,0.88,2018-01-01T00:00:00Z
Lituanie,0.884,2019-01-01T00:00:00Z
Lituanie,0.879,2020-01-01T00:00:00Z
Luxembourg,0.915,2015-01-01T00:00:00Z
Luxembourg,0.923,2016-01-01T00:00:00Z
Luxembourg,0.919,2017-01-01T00:00:00Z
Luxembourg,0.922,2018-01-01T00:00:00Z
Luxembourg,0.927,2019-01-01T00:00:00Z
Luxembourg,0.924,2020-01-01T00:00:00Z
Macédoine du Nord,0.762,2015-01-01T00:00:00Z
Macédoine du Nord,0.767,2016-01-01T00:00:00Z
Macédoine du Nord,0.773,2017-01-01T00:00:00Z
Macédoine du Nord,0.779,2018-01-01T00:00:00Z
Macédoine du Nord,0.784,2019-01-01T00:00:00Z
Macédoine du Nord,0.774,2020-01-01T00:00:00Z
Malaisie,0.797,2015-01-01T00:00:00Z
Malaisie,0.803,2016-01-01T00:00:00Z
Malaisie,0.805,2017-01-01T00:00:00Z
Malaisie,0.807,2018-01-01T00:00:00Z
Malaisie,0.81,2019-01-01T00:00:00Z
Malaisie,0.806,2020-01-01T00:00:00Z
Malawi,0.491,2015-01-01T00:00:00Z
Malawi,0.498,2016-01-01T00:00:00Z
Malawi,0.505,2017-01-01T00:00:00Z
Malawi,0.51,2018-01-01T00:00:00Z
Malawi,0.519,2019-01-01T00:00:00Z
Malawi,0.516,2020-01-01T00:00:00Z
Maldives,0.736,2015-01-01T00:00:00Z
Maldives,0.741,2016-01-01T00:00:00Z
Maldives,0.746,2017-01-01T00:00:00Z
Maldives,0.75,2018-01-01T00:00:00Z
Maldives,0.755,2019-01-01T00:00:00Z
Maldives,0.734,2020-01-01T00:00:00Z
Mali,0.416,2015-01-01T00:00:00Z
Mali,0.421,2016-01-01T00:00:00Z
Mali,0.426,2017-01-01T00:00:00Z
Mali,0.43,2018-01-01T00:00:00Z
Mali,0.433,2019-01-01T00:00:00Z
Mali,0.427,2020-01-01T00:00:00Z
Malte,0.889,2015-01-01T00:00:00Z
Malte,0.891,2016-01-01T00:00:00Z
Malte,0.901,2017-01-01T00:00:00Z
Malte,0.91,2018-01-01T00:00:00Z
Malte,0.915,2019-01-01T00:00:00Z
Malte,0.911,2020-01-01T00:00:00Z
Maroc,0.654,2015-01-01T00:00:00Z
Maroc,0.661,2016-01-01T00:00:00Z
Maroc,0.67,2017-01-01T00:00:00Z
Maroc,0.676,2018-01-01T00:00:00Z
Maroc,0.682,2019-01-01T00:00:00Z
Maroc,0.679,2020-01-01T00:00:00Z
Maurice,0.795,2015-01-01T00:00:00Z
Maurice,0.801,2016-01-01T00:00:00Z
Maurice,0.805,2017-01-01T00:00:00Z
Maurice,0.811,2018-01-01T00:00:00Z
Maurice,0.817,2019-01-01T00:00:00Z
Maurice,0.804,2020-01-01T00:00:00Z
Mauritanie,0.544,2015-01-01T00:00:00Z
Mauritanie,0.541,2016-01-01T00:00:00Z
Mauritanie,0.545,2017-01-01T00:00:00Z
Mauritanie,0.556,2018-01-01T00:00:00Z
Mauritanie,0.563,2019-01-01T00:00:00Z
Mauritanie,0.556,2020-01-01T00:00:00Z
Mexique,0.768,2015-01-01T00:00:00Z
Mexique,0.772,2016-01-01T00:00:00Z
Mexique,0.775,2017-01-01T00:00:00Z
Mexique,0.777,2018-01-01T00:00:00Z
Mexique,0.779,2019-01-01T00:00:00Z
Mexique,0.756,2020-01-01T00:00:00Z
Mongolie,0.732,2015-01-01T00:00:00Z
Mongolie,0.733,2016-01-01T00:00:00Z
Mongolie,0.732,2017-01-01T00:00:00Z
Mongolie,0.743,2018-01-01T00:00:00Z
Mongolie,0.746,2019-01-01T00:00:00Z
Mongolie,0.745,2020-01-01T00:00:00Z
Monténégro,0.822,2015-01-01T00:00:00Z
Monténégro,0.824,2016-01-01T00:00:00Z
Monténégro,0.83,2017-01-01T00:00:00Z
Monténégro,0.834,2018-01-01T00:00:00Z
Monténégro,0.837,2019-01-01T00:00:00Z
Monténégro,0.826,2020-01-01T00:00:00Z
Mozambique,0.44,2015-01-01T00:00:00Z
Mozambique,0.443,2016-01-01T00:00:00Z
Mozambique,0.445,2017-01-01T00:00:00Z
Mozambique,0.451,2018-01-01T00:00:00Z
Mozambique,0.456,2019-01-01T00:00:00Z
Mozambique,0.453,2020-01-01T00:00:00Z
Namibie,0.628,2015-01-01T00:00:00Z
Namibie,0.632,2016-01-01T00:00:00Z
Namibie,0.635,2017-01-01T00:00:00Z
Namibie,0.636,2018-01-01T00:00:00Z
Namibie,0.639,2019-01-01T00:00:00Z
Namibie,0.633,2020-01-01T00:00:00Z
Nicaragua,0.647,2015-01-01T00:00:00Z
Nicaragua,0.653,2016-01-01T00:00:00Z
Nicaragua,0.659,2017-01-01T00:00:00Z
Nicaragua,0.662,2018-01-01T00:00:00Z
Nicaragua,0.664,2019-01-01T00:00:00Z
Nicaragua,0.654,2020-01-01T00:00:00Z
Niger,0.376,2015-01-01T00:00:00Z
Niger,0.383,2016-01-01T00:00:00Z
Niger,0.39,2017-01-01T00:00:00Z
Niger,0.399,2018-01-01T00:00:00Z
Niger,0.406,2019-01-01T00:00:00Z
Niger,0.401,2020-01-01T00:00:00Z
Nigeria,0.516,2015-01-01T00:00:00Z
Nigeria,0.521,2016-01-01T00:00:00Z
Nigeria,0.526,2017-01-01T00:00:00Z
Nigeria,0.531,2018-01-01T00:00:00Z
Nigeria,0.538,2019-01-01T00:00:00Z
Nigeria,0.535,2020-01-01T00:00:00Z
Norvège,0.953,2015-01-01T00:00:00Z
Norvège,0.955,2016-01-01T00:00:00Z
Norvège,0.959,2017-01-01T00:00:00Z
Norvège,0.962,2018-01-01T00:00:00Z
Norvège,0.961,2019-01-01T00:00:00Z
Norvège,0.959,2020-01-01T00:00:00Z
Nouvelle-Zélande,0.931,2015-01-01T00:00:00Z
Nouvelle-Zélande,0.934,2016-01-01T00:00:00Z
Nouvelle-Zélande,0.935,2017-01-01T00:00:00Z
Nouvelle-Zélande,0.936,2018-01-01T00:00:00Z
Nouvelle-Zélande,0.937,2019-01-01T00:00:00Z
Nouvelle-Zélande,0.936,2020-01-01T00:00:00Z
Népal,0.579,2015-01-01T00:00:00Z
Népal,0.586,2016-01-01T00:00:00Z
Népal,0.594,2017-01-01T00:00:00Z
Népal,0.601,2018-01-01T00:00:00Z
Népal,0.611,2019-01-01T00:00:00Z
Népal,0.604,2020-01-01T00:00:00Z
Oman,0.823,2015-01-01T00:00:00Z
Oman,0.833,2016-01-01T00:00:00Z
Oman,0.831,2017-01-01T00:00:00Z
Oman,0.834,2018-01-01T00:00:00Z
Oman,0.839,2019-01-01T00:00:00Z
Oman,0.827,2020-01-01T00:00:00Z
Ouganda,0.517,2015-01-01T00:00:00Z
Ouganda,0.519,2016-01-01T00:00:00Z
Ouganda,0.52,2017-01-01T00:00:00Z
Ouganda,0.522,2018-01-01T00:00:00Z
Ouganda,0.525,2019-01-01T00:00:00Z
Ouganda,0.524,2020-01-01T00:00:00Z
Ouzbékistan,0.701,2015-01-01T00:00:00Z
Ouzbékistan,0.709,2016-01-01T00:00:00Z
Ouzbékistan,0.715,2017-01-01T00:00:00Z
Ouzbékistan,0.72,2018-01-01T00:00:00Z
Ouzbékistan,0.726,2019-01-01T00:00:00Z
Ouzbékistan,0.721,2020-01-01T00:00:00Z
Pakistan,0.534,2015-01-01T00:00:00Z
Pakistan,0.541,2016-01-01T00:00:00Z
Pakistan,0.543,2017-01-01T00:00:00Z
Pakistan,0.545,2018-01-01T00:00:00Z
Pakistan,0.546,2019-01-01T00:00:00Z
Pakistan,0.543,2020-01-01T00:00:00Z
Palaos,0.78,2015-01-01T00:00:00Z
Palaos,0.778,2016-01-01T00:00:00Z
Palaos,0.775,2017-01-01T00:00:00Z
Palaos,0.778,2018-01-01T00:00:00Z
Palaos,0.776,2019-01-01T00:00:00Z
Palaos,0.773,2020-01-01T00:00:00Z
Papouasie-Nouvelle-Guinée,0.541,2015-01-01T00:00:00Z
Papouasie-Nouvelle-Guinée,0.547,2016-01-01T00:00:00Z
Papouasie-Nouvelle-Guinée,0.552,2017-01-01T00:00:00Z
Papouasie-Nouvelle-Guinée,0.554,2018-01-01T00:00:00Z
Papouasie-Nouvelle-Guinée,0.56,2019-01-01T00:00:00Z
Papouasie-Nouvelle-Guinée,0.56,2020-01-01T00:00:00Z
Paraguay,0.723,2015-01-01T00:00:00Z
Paraguay,0.721,2016-01-01T00:00:00Z
Paraguay,0.724,2017-01-01T00:00:00Z
Paraguay,0.727,2018-01-01T00:00:00Z
Paraguay,0.732,2019-01-01T00:00:00Z
Paraguay,0.73,2020-01-01T00:00:00Z
Pays-Bas,0.926,2015-01-01T00:00:00Z
Pays-Bas,0.928,2016-01-01T00:00:00Z
Pays-Bas,0.931,2017-01-01T00:00:00Z
Philippines,0.698,2015-01-01T00:00:00Z
Philippines,0.7,2016-01-01T00:00:00Z
Philippines,0.704,2017-01-01T00:00:00Z
Philippines,0.71,2018-01-01T00:00:00Z
Philippines,0.718,2019-01-01T00:00:00Z
Philippines,0.71,2020-01-01T00:00:00Z
Pologne,0.868,2015-01-01T00:00:00Z
Pologne,0.872,2016-01-01T00:00:00Z
Pologne,0.875,2017-01-01T00:00:00Z
Pologne,0.877,2018-01-01T00:00:00Z
Pologne,0.881,2019-01-01T00:00:00Z
Pologne,0.876,2020-01-01T00:00:00Z
Portugal,0.85,2015-01-01T00:00:00Z
Portugal,0.853,2016-01-01T00:00:00Z
Portugal,0.859,2017-01-01T00:00:00Z
Portugal,0.86,2018-01-01T00:00:00Z
Portugal,0.867,2019-01-01T00:00:00Z
Portugal,0.863,2020-01-01T00:00:00Z
Qatar,0.846,2015-01-01T00:00:00Z
Qatar,0.85,2016-01-01T00:00:00Z
Qatar,0.849,2017-01-01T00:00:00Z
Qatar,0.853,2018-01-01T00:00:00Z
Qatar,0.859,2019-01-01T00:00:00Z
Qatar,0.854,2020-01-01T00:00:00Z
Roumanie,0.813,2015-01-01T00:00:00Z
Roumanie,0.816,2016-01-01T00:00:00Z
Roumanie,0.823,2017-01-01T00:00:00Z
Roumanie,0.827,2018-01-01T00:00:00Z
Roumanie,0.832,2019-01-01T00:00:00Z
Roumanie,0.824,2020-01-01T00:00:00Z
Royaume de Danemark,0.936,2015-01-01T00:00:00Z
Royaume de Danemark,0.943,2016-01-01T00:00:00Z
Royaume de Danemark,0.944,2017-01-01T00:00:00Z
Royaume de Danemark,0.942,2018-01-01T00:00:00Z
Royaume de Danemark,0.946,2019-01-01T00:00:00Z
Royaume de Danemark,0.947,2020-01-01T00:00:00Z
Royaume des Pays-Bas,0.932,2015-01-01T00:00:00Z
Royaume des Pays-Bas,0.933,2016-01-01T00:00:00Z
Royaume des Pays-Bas,0.937,2017-01-01T00:00:00Z
Royaume des Pays-Bas,0.939,2018-01-01T00:00:00Z
Royaume des Pays-Bas,0.943,2019-01-01T00:00:00Z
Royaume des Pays-Bas,0.939,2020-01-01T00:00:00Z
Royaume-Uni,0.924,2015-01-01T00:00:00Z
Royaume-Uni,0.927,2016-01-01T00:00:00Z
Royaume-Uni,0.93,2017-01-01T00:00:00Z
Royaume-Uni,0.929,2018-01-01T00:00:00Z
Royaume-Uni,0.935,2019-01-01T00:00:00Z
Royaume-Uni,0.924,2020-01-01T00:00:00Z
Russie,0.824,2015-01-01T00:00:00Z
Russie,0.828,2016-01-01T00:00:00Z
Russie,0.833,2017-01-01T00:00:00Z
Russie,0.841,2018-01-01T00:00:00Z
Russie,0.845,2019-01-01T00:00:00Z
Russie,0.83,2020-01-01T00:00:00Z
Rwanda,0.515,2015-01-01T00:00:00Z
Rwanda,0.524,2016-01-01T00:00:00Z
Rwanda,0.526,2017-01-01T00:00:00Z
Rwanda,0.528,2018-01-01T00:00:00Z
Rwanda,0.534,2019-01-01T00:00:00Z
Rwanda,0.532,2020-01-01T00:00:00Z
République centrafricaine,0.384,2015-01-01T00:00:00Z
République centrafricaine,0.391,2016-01-01T00:00:00Z
République centrafricaine,0.398,2017-01-01T00:00:00Z
République centrafricaine,0.405,2018-01-01T00:00:00Z
République centrafricaine,0.411,2019-01-01T00:00:00Z
République centrafricaine,0.407,2020-01-01T00:00:00Z
République dominicaine,0.736,2015-01-01T00:00:00Z
République dominicaine,0.755,2016-01-01T00:00:00Z
République dominicaine,0.757,2017-01-01T00:00:00Z
République dominicaine,0.764,2018-01-01T00:00:00Z
République dominicaine,0.771,2019-01-01T00:00:00Z
République dominicaine,0.764,2020-01-01T00:00:00Z
République du Congo,0.59,2015-01-01T00:00:00Z
République du Congo,0.586,2016-01-01T00:00:00Z
République du Congo,0.58,2017-01-01T00:00:00Z
République du Congo,0.578,2018-01-01T00:00:00Z
République du Congo,0.57,2019-01-01T00:00:00Z
République du Congo,0.574,2020-01-01T00:00:00Z
République démocratique du Congo,0.463,2015-01-01T00:00:00Z
République démocratique du Congo,0.472,2016-01-01T00:00:00Z
République démocratique du Congo,0.475,2017-01-01T00:00:00Z
République démocratique du Congo,0.48,2018-01-01T00:00:00Z
République démocratique du Congo,0.482,2019-01-01T00:00:00Z
République démocratique du Congo,0.479,2020-01-01T00:00:00Z
Saint-Christophe-et-Niévès,0.772,2015-01-01T00:00:00Z
Saint-Christophe-et-Niévès,0.779,2016-01-01T00:00:00Z
Saint-Christophe-et-Niévès,0.778,2017-01-01T00:00:00Z
Saint-Christophe-et-Niévès,0.779,2018-01-01T00:00:00Z
Saint-Christophe-et-Niévès,0.783,2019-01-01T00:00:00Z
Saint-Christophe-et-Niévès,0.779,2020-01-01T00:00:00Z
Saint-Vincent-et-les-Grenadines,0.759,2015-01-01T00:00:00Z
Saint-Vincent-et-les-Grenadines,0.765,2016-01-01T00:00:00Z
Saint-Vincent-et-les-Grenadines,0.774,2017-01-01T00:00:00Z
Saint-Vincent-et-les-Grenadines,0.775,2018-01-01T00:00:00Z
Saint-Vincent-et-les-Grenadines,0.769,2019-01-01T00:00:00Z
Saint-Vincent-et-les-Grenadines,0.764,2020-01-01T00:00:00Z
Sainte-Lucie,0.737,2015-01-01T00:00:00Z
Sainte-Lucie,0.744,2016-01-01T00:00:00Z
Sainte-Lucie,0.744,2017-01-01T00:00:00Z
Sainte-Lucie,0.746,2018-01-01T00:00:00Z
Sainte-Lucie,0.735,2019-01-01T00:00:00Z
Sainte-Lucie,0.723,2020-01-01T00:00:00Z
Salvador,0.668,2015-01-01T00:00:00Z
Salvador,0.671,2016-01-01T00:00:00Z
Salvador,0.674,2017-01-01T00:00:00Z
Salvador,0.68,2018-01-01T00:00:00Z
Salvador,0.683,2019-01-01T00:00:00Z
Salvador,0.672,2020-01-01T00:00:00Z
Samoa,0.716,2015-01-01T00:00:00Z
Samoa,0.717,2016-01-01T00:00:00Z
Samoa,0.716,2017-01-01T00:00:00Z
Samoa,0.716,2018-01-01T00:00:00Z
Samoa,0.715,2019-01-01T00:00:00Z
Samoa,0.712,2020-01-01T00:00:00Z
Sao Tomé-et-Principe,0.596,2015-01-01T00:00:00Z
Sao Tomé-et-Principe,0.603,2016-01-01T00:00:00Z
Sao Tomé-et-Principe,0.612,2017-01-01T00:00:00Z
Sao Tomé-et-Principe,0.617,2018-01-01T00:00:00Z
Sao Tomé-et-Principe,0.622,2019-01-01T00:00:00Z
Sao Tomé-et-Principe,0.619,2020-01-01T00:00:00Z
Seychelles,0.796,2015-01-01T00:00:00Z
Seychelles,0.796,2016-01-01T00:00:00Z
Seychelles,0.796,2017-01-01T00:00:00Z
Seychelles,0.8,2018-01-01T00:00:00Z
Seychelles,0.802,2019-01-01T00:00:00Z
Seychelles,0.793,2020-01-01T00:00:00Z
Sierra Leone,0.453,2015-01-01T00:00:00Z
Sierra Leone,0.457,2016-01-01T00:00:00Z
Sierra Leone,0.466,2017-01-01T00:00:00Z
Sierra Leone,0.47,2018-01-01T00:00:00Z
Sierra Leone,0.48,2019-01-01T00:00:00Z
Sierra Leone,0.475,2020-01-01T00:00:00Z
Singapour,0.93,2015-01-01T00:00:00Z
Singapour,0.934,2016-01-01T00:00:00Z
Singapour,0.935,2017-01-01T00:00:00Z
Singapour,0.94,2018-01-01T00:00:00Z
Singapour,0.943,2019-01-01T00:00:00Z
Singapour,0.939,2020-01-01T00:00:00Z
Slovaquie,0.851,2015-01-01T00:00:00Z
Slovaquie,0.854,2016-01-01T00:00:00Z
Slovaquie,0.856,2017-01-01T00:00:00Z
Slovaquie,0.859,2018-01-01T00:00:00Z
Slovaquie,0.862,2019-01-01T00:00:00Z
Slovaquie,0.857,2020-01-01T00:00:00Z
Slovénie,0.903,2015-01-01T00:00:00Z
Slovénie,0.91,2016-01-01T00:00:00Z
Slovénie,0.913,2017-01-01T00:00:00Z
Slovénie,0.917,2018-01-01T00:00:00Z
Slovénie,0.921,2019-01-01T00:00:00Z
Slovénie,0.913,2020-01-01T00:00:00Z
Soudan,0.508,2015-01-01T00:00:00Z
Soudan,0.511,2016-01-01T00:00:00Z
Soudan,0.514,2017-01-01T00:00:00Z
Soudan,0.514,2018-01-01T00:00:00Z
Soudan,0.514,2019-01-01T00:00:00Z
Soudan,0.51,2020-01-01T00:00:00Z
Soudan du Sud,0.412,2015-01-01T00:00:00Z
Soudan du Sud,0.402,2016-01-01T00:00:00Z
Soudan du Sud,0.395,2017-01-01T00:00:00Z
Soudan du Sud,0.395,2018-01-01T00:00:00Z
Soudan du Sud,0.393,2019-01-01T00:00:00Z
Soudan du Sud,0.386,2020-01-01T00:00:00Z
Sri Lanka,0.764,2015-01-01T00:00:00Z
Sri Lanka,0.767,2016-01-01T00:00:00Z
Sri Lanka,0.771,2017-01-01T00:00:00Z
Sri Lanka,0.776,2018-01-01T00:00:00Z
Sri Lanka,0.778,2019-01-01T00:00:00Z
Sri Lanka,0.78,2020-01-01T00:00:00Z
Suisse,0.954,2015-01-01T00:00:00Z
Suisse,0.956,2016-01-01T00:00:00Z
Suisse,0.957,2017-01-01T00:00:00Z
Suisse,0.959,2018-01-01T00:00:00Z
Suisse,0.962,2019-01-01T00:00:00Z
Suisse,0.956,2020-01-01T00:00:00Z
Suède,0.937,2015-01-01T00:00:00Z
Suède,0.939,2016-01-01T00:00:00Z
Suède,0.941,2017-01-01T00:00:00Z
Suède,0.942,2018-01-01T00:00:00Z
Suède,0.947,2019-01-01T00:00:00Z
Suède,0.942,2020-01-01T00:00:00Z
Syrie,0.556,2015-01-01T00:00:00Z
Syrie,0.56,2016-01-01T00:00:00Z
Syrie,0.572,2017-01-01T00:00:00Z
Syrie,0.58,2018-01-01T00:00:00Z
Syrie,0.584,2019-01-01T00:00:00Z
Syrie,0.577,2020-01-01T00:00:00Z
Sénégal,0.505,2015-01-01T00:00:00Z
Sénégal,0.507,2016-01-01T00:00:00Z
Sénégal,0.509,2017-01-01T00:00:00Z
Sénégal,0.512,2018-01-01T00:00:00Z
Sénégal,0.513,2019-01-01T00:00:00Z
Sénégal,0.513,2020-01-01T00:00:00Z
Tadjikistan,0.657,2015-01-01T00:00:00Z
Tadjikistan,0.66,2016-01-01T00:00:00Z
Tadjikistan,0.665,2017-01-01T00:00:00Z
Tadjikistan,0.671,2018-01-01T00:00:00Z
Tadjikistan,0.676,2019-01-01T00:00:00Z
Tadjikistan,0.664,2020-01-01T00:00:00Z
Tanzanie,0.52,2015-01-01T00:00:00Z
Tanzanie,0.524,2016-01-01T00:00:00Z
Tanzanie,0.528,2017-01-01T00:00:00Z
Tanzanie,0.538,2018-01-01T00:00:00Z
Tanzanie,0.548,2019-01-01T00:00:00Z
Tanzanie,0.548,2020-01-01T00:00:00Z
Taïwan,0.911,2018-01-01T00:00:00Z
Tchad,0.389,2015-01-01T00:00:00Z
Tchad,0.391,2016-01-01T00:00:00Z
Tchad,0.393,2017-01-01T00:00:00Z
Tchad,0.398,2018-01-01T00:00:00Z
Tchad,0.403,2019-01-01T00:00:00Z
Tchad,0.397,2020-01-01T00:00:00Z
Tchéquie,0.891,2015-01-01T00:00:00Z
Tchéquie,0.895,2016-01-01T00:00:00Z
Tchéquie,0.897,2017-01-01T00:00:00Z
Tchéquie,0.894,2018-01-01T00:00:00Z
Tchéquie,0.897,2019-01-01T00:00:00Z
Tchéquie,0.892,2020-01-01T00:00:00Z
Thaïlande,0.781,2015-01-01T00:00:00Z
Thaïlande,0.785,2016-01-01T00:00:00Z
Thaïlande,0.79,2017-01-01T00:00:00Z
Thaïlande,0.795,2018-01-01T00:00:00Z
Thaïlande,0.804,2019-01-01T00:00:00Z
Thaïlande,0.802,2020-01-01T00:00:00Z
Timor oriental,0.614,2015-01-01T00:00:00Z
Timor oriental,0.604,2016-01-01T00:00:00Z
Timor oriental,0.606,2017-01-01T00:00:00Z
Timor oriental,0.605,2018-01-01T00:00:00Z
Timor oriental,0.614,2019-01-01T00:00:00Z
Timor oriental,0.614,2020-01-01T00:00:00Z
Togo,0.514,2015-01-01T00:00:00Z
Togo,0.518,2016-01-01T00:00:00Z
Togo,0.524,2017-01-01T00:00:00Z
Togo,0.528,2018-01-01T00:00:00Z
Togo,0.535,2019-01-01T00:00:00Z
Togo,0.535,2020-01-01T00:00:00Z
Trinité-et-Tobago,0.816,2015-01-01T00:00:00Z
Trinité-et-Tobago,0.815,2016-01-01T00:00:00Z
Trinité-et-Tobago,0.817,2017-01-01T00:00:00Z
Trinité-et-Tobago,0.815,2018-01-01T00:00:00Z
Trinité-et-Tobago,0.821,2019-01-01T00:00:00Z
Trinité-et-Tobago,0.818,2020-01-01T00:00:00Z
Tunisie,0.733,2015-01-01T00:00:00Z
Tunisie,0.737,2016-01-01T00:00:00Z
Tunisie,0.74,2017-01-01T00:00:00Z
Tunisie,0.743,2018-01-01T00:00:00Z
Tunisie,0.745,2019-01-01T00:00:00Z
Tunisie,0.737,2020-01-01T00:00:00Z
Turkménistan,0.74,2015-01-01T00:00:00Z
Turkménistan,0.742,2016-01-01T00:00:00Z
Turkménistan,0.741,2017-01-01T00:00:00Z
Turkménistan,0.746,2018-01-01T00:00:00Z
Turkménistan,0.742,2019-01-01T00:00:00Z
Turkménistan,0.741,2020-01-01T00:00:00Z
Turquie,0.817,2015-01-01T00:00:00Z
Turquie,0.823,2016-01-01T00:00:00Z
Turquie,0.833,2017-01-01T00:00:00Z
Turquie,0.839,2018-01-01T00:00:00Z
Turquie,0.842,2019-01-01T00:00:00Z
Turquie,0.833,2020-01-01T00:00:00Z
Tuvalu,0.643,2015-01-01T00:00:00Z
Tuvalu,0.636,2016-01-01T00:00:00Z
Tuvalu,0.634,2017-01-01T00:00:00Z
Tuvalu,0.642,2018-01-01T00:00:00Z
Tuvalu,0.635,2019-01-01T00:00:00Z
Tuvalu,0.639,2020-01-01T00:00:00Z
Uruguay,0.811,2015-01-01T00:00:00Z
Uruguay,0.815,2016-01-01T00:00:00Z
Uruguay,0.819,2017-01-01T00:00:00Z
Uruguay,0.819,2018-01-01T00:00:00Z
Uruguay,0.821,2019-01-01T00:00:00Z
Uruguay,0.821,2020-01-01T00:00:00Z
Vanuatu,0.595,2015-01-01T00:00:00Z
Vanuatu,0.596,2016-01-01T00:00:00Z
Vanuatu,0.599,2017-01-01T00:00:00Z
Vanuatu,0.603,2018-01-01T00:00:00Z
Vanuatu,0.611,2019-01-01T00:00:00Z
Vanuatu,0.608,2020-01-01T00:00:00Z
Venezuela,0.767,2015-01-01T00:00:00Z
Venezuela,0.757,2016-01-01T00:00:00Z
Venezuela,0.744,2017-01-01T00:00:00Z
Venezuela,0.738,2018-01-01T00:00:00Z
Venezuela,0.721,2019-01-01T00:00:00Z
Venezuela,0.695,2020-01-01T00:00:00Z
Viêt Nam,0.684,2015-01-01T00:00:00Z
Viêt Nam,0.688,2016-01-01T00:00:00Z
Viêt Nam,0.692,2017-01-01T00:00:00Z
Viêt Nam,0.697,2018-01-01T00:00:00Z
Viêt Nam,0.703,2019-01-01T00:00:00Z
Viêt Nam,0.71,2020-01-01T00:00:00Z
Yémen,0.477,2015-01-01T00:00:00Z
Yémen,0.467,2016-01-01T00:00:00Z
Yémen,0.459,2017-01-01T00:00:00Z
Yémen,0.459,2018-01-01T00:00:00Z
Yémen,0.461,2019-01-01T00:00:00Z
Yémen,0.46,2020-01-01T00:00:00Z
Zambie,0.562,2015-01-01T00:00:00Z
Zambie,0.564,2016-01-01T00:00:00Z
Zambie,0.568,2017-01-01T00:00:00Z
Zambie,0.572,2018-01-01T00:00:00Z
Zambie,0.575,2019-01-01T00:00:00Z
Zambie,0.57,2020-01-01T00:00:00Z
Zimbabwe,0.582,2015-01-01T00:00:00Z
Zimbabwe,0.588,2016-01-01T00:00:00Z
Zimbabwe,0.594,2017-01-01T00:00:00Z
Zimbabwe,0.602,2018-01-01T00:00:00Z
Zimbabwe,0.601,2019-01-01T00:00:00Z
Zimbabwe,0.6,2020-01-01T00:00:00Z
république populaire de Chine,0.733,2015-01-01T00:00:00Z
république populaire de Chine,0.74,2016-01-01T00:00:00Z
république populaire de Chine,0.747,2017-01-01T00:00:00Z
république populaire de Chine,0.755,2018-01-01T00:00:00Z
république populaire de Chine,0.762,2019-01-01T00:00:00Z
république populaire de Chine,0.764,2020-01-01T00:00:00Z
Égypte,0.706,2015-01-01T00:00:00Z
Égypte,0.713,2016-01-01T00:00:00Z
Égypte,0.721,2017-01-01T00:00:00Z
Égypte,0.729,2018-01-01T00:00:00Z
Égypte,0.735,2019-01-01T00:00:00Z
Égypte,0.734,2020-01-01T00:00:00Z
Émirats arabes unis,0.865,2015-01-01T00:00:00Z
Émirats arabes unis,0.87,2016-01-01T00:00:00Z
Émirats arabes unis,0.897,2017-01-01T00:00:00Z
Émirats arabes unis,0.909,2018-01-01T00:00:00Z
Émirats arabes unis,0.92,2019-01-01T00:00:00Z
Émirats arabes unis,0.912,2020-01-01T00:00:00Z
Équateur,0.765,2015-01-01T00:00:00Z
Équateur,0.762,2016-01-01T00:00:00Z
Équateur,0.762,2017-01-01T00:00:00Z
Équateur,0.762,2018-01-01T00:00:00Z
Équateur,0.76,2019-01-01T00:00:00Z
Équateur,0.731,2020-01-01T00:00:00Z
Érythrée,0.483,2015-01-01T00:00:00Z
Érythrée,0.488,2016-01-01T00:00:00Z
Érythrée,0.484,2017-01-01T00:00:00Z
Érythrée,0.493,2018-01-01T00:00:00Z
Érythrée,0.495,2019-01-01T00:00:00Z
Érythrée,0.494,2020-01-01T00:00:00Z
État de Palestine,0.71,2015-01-01T00:00:00Z
État de Palestine,0.715,2016-01-01T00:00:00Z
État de Palestine,0.719,2017-01-01T00:00:00Z
État de Palestine,0.723,2018-01-01T00:00:00Z
État de Palestine,0.727,2019-01-01T00:00:00Z
État de Palestine,0.716,2020-01-01T00:00:00Z
États fédérés de Micronésie,0.626,2015-01-01T00:00:00Z
États fédérés de Micronésie,0.629,2016-01-01T00:00:00Z
États fédérés de Micronésie,0.632,2017-01-01T00:00:00Z
États fédérés de Micronésie,0.633,2018-01-01T00:00:00Z
États fédérés de Micronésie,0.633,2019-01-01T00:00:00Z
États fédérés de Micronésie,0.629,2020-01-01T00:00:00Z
États-Unis,0.92,2015-01-01T00:00:00Z
États-Unis,0.922,2016-01-01T00:00:00Z
États-Unis,0.924,2017-01-01T00:00:00Z
États-Unis,0.927,2018-01-01T00:00:00Z
États-Unis,0.93,2019-01-01T00:00:00Z
États-Unis,0.92,2020-01-01T00:00:00Z
Éthiopie,0.46,2015-01-01T00:00:00Z
Éthiopie,0.47,2016-01-01T00:00:00Z
Éthiopie,0.48,2017-01-01T00:00:00Z
Éthiopie,0.489,2018-01-01T00:00:00Z
Éthiopie,0.498,2019-01-01T00:00:00Z
Éthiopie,0.498,2020-01-01T00:00:00Z
Îles Salomon,0.559,2015-01-01T00:00:00Z
Îles Salomon,0.56,2016-01-01T00:00:00Z
Îles Salomon,0.564,2017-01-01T00:00:00Z
Îles Salomon,0.566,2018-01-01T00:00:00Z
Îles Salomon,0.567,2019-01-01T00:00:00Z
Îles Salomon,0.565,2020-01-01T00:00:00Z
